{"cameraMode":{"drawMode":0,"name":"Shaded","section":"Shading Mode"},"sceneLighting":true,"audioPlay":false,"sceneViewState":{"m_AlwaysRefresh":false,"showFog":true,"showSkybox":true,"showFlares":true,"showImageEffects":true,"showParticleSystems":true,"showVisualEffectGraphs":true,"m_FxEnabled":true},"in2DMode":false,"pivot":{"x":0.5374704599380493,"y":1.188227653503418,"z":26.23410415649414},"rotation":{"x":0.02039848268032074,"y":-0.0059985145926475529,"z":0.00012221356155350804,"w":0.99978107213974},"size":23.167865753173829,"orthographic":false}